{"v":"5.5.9","fr":30,"ip":0,"op":120,"w":200,"h":200,"nm":"天气-多云","ddd":0,"assets":[],"layers":[{"ddd":0,"ind":1,"ty":4,"nm":"“乌云”轮廓","sr":1,"ks":{"o":{"a":0,"k":100,"ix":11},"r":{"a":0,"k":0,"ix":10},"p":{"a":0,"k":[100,100,0],"ix":2},"a":{"a":0,"k":[76.6,50.05,0],"ix":1},"s":{"a":1,"k":[{"i":{"x":[0.833,0.833,0.833],"y":[0.833,0.833,0.833]},"o":{"x":[0.167,0.167,0.167],"y":[0.167,0.167,0.167]},"t":0,"s":[112,112,100]},{"i":{"x":[0.833,0.833,0.833],"y":[0.833,0.833,0.833]},"o":{"x":[0.167,0.167,0.167],"y":[0.167,0.167,0.167]},"t":60,"s":[120,120,100]},{"t":120,"s":[112,112,100]}],"ix":6}},"ao":0,"shapes":[{"ty":"gr","it":[{"ind":0,"ty":"sh","ix":1,"ks":{"a":0,"k":{"i":[[0,18.8],[7.5,6.5],[0,1],[19.401,0],[0,-19.299],[-0.101,-0.299],[5.2,0],[0,-18.5],[-18,-0.599],[0,0],[0,0],[0,0]],"o":[[0,-10.601],[0.101,-1],[0,-19.299],[-19.4,0],[0,0.301],[-4.401,-2.199],[-18.5,0],[0,18.1],[0,0],[0,0],[0,0],[18.5,-0.799]],"v":[[65.25,14.8],[52.95,-11.801],[53.15,-14.801],[17.95,-49.8],[-17.25,-14.801],[-17.149,-13.801],[-31.75,-17.2],[-65.25,16.3],[-32.85,49.699],[-32.85,49.8],[31.75,49.8],[31.75,49.699]],"c":true},"ix":2},"nm":"路径 1","mn":"ADBE Vector Shape - Group","hd":false},{"ty":"fl","c":{"a":0,"k":[0.969000004787,0.969000004787,0.969000004787,1],"ix":4},"o":{"a":0,"k":100,"ix":5},"r":1,"bm":0,"nm":"填充 1","mn":"ADBE Vector Graphic - Fill","hd":false},{"ty":"tr","p":{"a":0,"k":[65.5,50.05],"ix":2},"a":{"a":0,"k":[0,0],"ix":1},"s":{"a":0,"k":[100,100],"ix":3},"r":{"a":0,"k":0,"ix":6},"o":{"a":0,"k":100,"ix":7},"sk":{"a":0,"k":0,"ix":4},"sa":{"a":0,"k":0,"ix":5},"nm":"变换"}],"nm":"组 1","np":2,"cix":2,"bm":0,"ix":1,"mn":"ADBE Vector Group","hd":false},{"ty":"gr","it":[{"ind":0,"ty":"sh","ix":1,"ks":{"a":0,"k":{"i":[[0,18.3],[19.4,0],[0,-18.5],[0,0],[0,0]],"o":[[0,-18.4],[-19.4,0],[0,0],[0,0],[19.2,-0.3]],"v":[[35.2,0],[0,-33.4],[-35.2,0],[-35.2,33.4],[0.4,33.4]],"c":true},"ix":2},"nm":"路径 1","mn":"ADBE Vector Shape - Group","hd":false},{"ty":"fl","c":{"a":0,"k":[0.917999985639,0.917999985639,0.917999985639,1],"ix":4},"o":{"a":0,"k":100,"ix":5},"r":1,"bm":0,"nm":"填充 1","mn":"ADBE Vector Graphic - Fill","hd":false},{"ty":"tr","p":{"a":0,"k":[117.75,66.451],"ix":2},"a":{"a":0,"k":[0,0],"ix":1},"s":{"a":0,"k":[100,100],"ix":3},"r":{"a":0,"k":0,"ix":6},"o":{"a":0,"k":100,"ix":7},"sk":{"a":0,"k":0,"ix":4},"sa":{"a":0,"k":0,"ix":5},"nm":"变换"}],"nm":"组 2","np":2,"cix":2,"bm":0,"ix":2,"mn":"ADBE Vector Group","hd":false}],"ip":0,"op":123,"st":0,"bm":0}],"markers":[]}